{
	"version" : "1.1",
	"refreshRate" : 44,
	"devices" : {
		"Alex_Moon_SL" : {
			"channel" : 6,
			"type" : "Source 4 26deg",
			"parameters" : {
				"intensity" : {
					"type" : "float",
					"val" : 0,
					"default" : 0,
					"max" : 1,
					"min" : 0
				}
			},
			"metadata" : {
				"area" : "Alex 5",
				"color" : "1.0, 0.7020, 0.4431",
				"exposure" : "3.0",
				"filename" : "S4 26 Deg. 575w-115v_LM6302_07.ies",
				"lookat" : "8.58, 0.07, -1.61",
				"pan" : "0",
				"position" : "8.75, -0.02, 7.925",
				"samples" : "3",
				"tilt" : "0.0",
				"up" : "0, -1, 0",
				"volume_samples" : "3"
			}
		},
		"Alex_Texture1" : {
			"channel" : 8,
			"type" : "Source 4 19deg",
			"parameters" : {
				"intensity" : {
					"type" : "float",
					"val" : 0,
					"default" : 0,
					"max" : 1,
					"min" : 0
				}
			},
			"metadata" : {
				"area" : "Alex 3",
				"color" : "1.0, 0.7020, 0.4431",
				"exposure" : "3.0",
				"filename" : "S4 19 Deg. 575w-115v_LM6302_07.ies",
				"lookat" : "5.91, 1.86, -1.61",
				"pan" : "0",
				"position" : "6.53, 0.77, 7.925",
				"samples" : "3",
				"tilt" : "0.0",
				"up" : "0, -1, 0",
				"volume_samples" : "3"
			}
		},
		"Jenna_Side" : {
			"channel" : 49,
			"type" : "Source 4 26deg",
			"parameters" : {
				"intensity" : {
					"type" : "float",
					"val" : 0,
					"default" : 0,
					"max" : 1,
					"min" : 0
				}
			},
			"metadata" : {
				"area" : "Jenna 1",
				"gel" : "R4415",
				"color" : "1.0, 0.7020, 0.4431",
				"exposure" : "3.0",
				"filename" : "S4 26 Deg. 575w-115v_LM6302_07.ies",
				"lookat" : "-1.26, 3.41, -1.61",
				"pan" : "0",
				"position" : "3.89, 1.68, 7.925",
				"samples" : "3",
				"tilt" : "0.0",
				"up" : "0, -1, 0",
				"volume_samples" : "3"
			}
		},
		"Hunter_Top" : {
			"channel" : 25,
			"type" : "Source 4 19deg",
			"parameters" : {
				"intensity" : {
					"type" : "float",
					"val" : 0,
					"default" : 0,
					"max" : 1,
					"min" : 0
				}
			},
			"metadata" : {
				"area" : "Hunter 5",
				"color" : "1.0, 0.7020, 0.4431",
				"exposure" : "3.0",
				"filename" : "S4 19 Deg. 575w-115v_LM6302_07.ies",
				"lookat" : "2.76, 2.55, -1.61",
				"pan" : "0",
				"position" : "3.89, 1.68, 7.925",
				"samples" : "3",
				"tilt" : "0.0",
				"up" : "0, -1, 0",
				"volume_samples" : "3"
			}
		},
		"Alex_Moon_SR" : {
			"channel" : 7,
			"type" : "Source 4 19deg",
			"parameters" : {
				"intensity" : {
					"type" : "float",
					"val" : 0,
					"default" : 0,
					"max" : 1,
					"min" : 0
				}
			},
			"metadata" : {
				"area" : "Alex 4",
				"color" : "1.0, 0.7020, 0.4431",
				"exposure" : "3.0",
				"filename" : "S4 19 Deg. 575w-115v_LM6302_07.ies",
				"lookat" : "5.23, 1.17, -1.61",
				"pan" : "0",
				"position" : "1.65, 2.45, 7.925",
				"samples" : "3",
				"tilt" : "0.0",
				"up" : "0, -1, 0",
				"volume_samples" : "3"
			}
		},
		"Ruben_Top1" : {
			"channel" : 66,
			"type" : "Source 4 19deg",
			"parameters" : {
				"intensity" : {
					"type" : "float",
					"val" : 0,
					"default" : 0,
					"max" : 1,
					"min" : 0
				}
			},
			"metadata" : {
				"area" : "Ruben 2",
				"gel" : "R18",
				"color" : "1.0, 0.7020, 0.4431",
				"exposure" : "3.0",
				"filename" : "S4 19 Deg. 575w-115v_LM6302_07.ies",
				"lookat" : "-0.45, 4.06, -1.61",
				"pan" : "0",
				"position" : "-0.25, 3.07, 7.925",
				"samples" : "3",
				"tilt" : "0.0",
				"up" : "0, -1, 0",
				"volume_samples" : "3"
			}
		},
		"Jenna_01" : {
			"channel" : 50,
			"type" : "Source 4 26deg",
			"parameters" : {
				"intensity" : {
					"type" : "float",
					"val" : 0,
					"default" : 0,
					"max" : 1,
					"min" : 0
				}
			},
			"metadata" : {
				"area" : "Jenna 2",
				"gel" : "R4415",
				"color" : "1.0, 0.7020, 0.4431",
				"exposure" : "3.0",
				"filename" : "S4 26 Deg. 575w-115v_LM6302_07.ies",
				"lookat" : "-2.61, 3.86, -1.61",
				"pan" : "0",
				"position" : "-0.25, 3.07, 7.925",
				"samples" : "3",
				"tilt" : "0.0",
				"up" : "0, -1, 0",
				"volume_samples" : "3"
			}
		},
		"Ruben_Top2" : {
			"channel" : 67,
			"type" : "Source 4 19deg",
			"parameters" : {
				"intensity" : {
					"type" : "float",
					"val" : 0,
					"default" : 0,
					"max" : 1,
					"min" : 0
				}
			},
			"metadata" : {
				"area" : "Ruben 3",
				"gel" : "R18",
				"color" : "1.0, 0.7020, 0.4431",
				"exposure" : "3.0",
				"filename" : "S4 19 Deg. 575w-115v_LM6302_07.ies",
				"lookat" : "-1.44, 3.47, -1.61",
				"pan" : "0",
				"position" : "-2.91, 3.96, 7.925",
				"samples" : "3",
				"tilt" : "0.0",
				"up" : "0, -1, 0",
				"volume_samples" : "3"
			}
		},
		"unallocated_01" : {
			"channel" : 1000,
			"type" : "PAR 64 MFL, 10\" Barn Door",
			"parameters" : {
				"intensity" : {
					"type" : "float",
					"val" : 0,
					"default" : 0,
					"max" : 1,
					"min" : 0
				}
			},
			"metadata" : {
				"color" : "1.0, 0.7020, 0.4431",
				"exposure" : "3.0",
				"filename" : "Q1000PAR64MFL.IES",
				"lookat" : "3.32, 5.13, -1.60",
				"pan" : "0",
				"position" : "-2.91, 3.96, 7.925",
				"samples" : "3",
				"tilt" : "0.0",
				"up" : "0, -1, 0",
				"volume_samples" : "3"
			}
		},
		"Jenna_02" : {
			"channel" : 58,
			"type" : "Source 4 26deg",
			"parameters" : {
				"intensity" : {
					"type" : "float",
					"val" : 0,
					"default" : 0,
					"max" : 1,
					"min" : 0
				}
			},
			"metadata" : {
				"area" : "Jenna 3",
				"gel" : "R397",
				"color" : "1.0, 0.7020, 0.4431",
				"exposure" : "3.0",
				"filename" : "S4 26 Deg. 575w-115v_LM6302_07.ies",
				"lookat" : "0.14, 3.43, -1.61",
				"pan" : "0",
				"position" : "-3.92, 4.30, 7.925",
				"samples" : "3",
				"tilt" : "0.0",
				"up" : "0, -1, 0",
				"volume_samples" : "3"
			}
		},
		"Ruben_Top3" : {
			"channel" : 68,
			"type" : "Source 4 36deg",
			"parameters" : {
				"intensity" : {
					"type" : "float",
					"val" : 0,
					"default" : 0,
					"max" : 1,
					"min" : 0
				}
			},
			"metadata" : {
				"area" : "Ruben 3",
				"gel" : "R18",
				"color" : "1.0, 0.7020, 0.4431",
				"exposure" : "3.0",
				"filename" : "S4 36 Deg. 575w-115v_LM6302_07.ies",
				"lookat" : "-1.44, 3.47, -1.61",
				"pan" : "0",
				"position" : "-3.92, 4.30, 7.925",
				"samples" : "3",
				"tilt" : "0.0",
				"up" : "0, -1, 0",
				"volume_samples" : "3"
			}
		},
		"Ruben_Side1" : {
			"channel" : 69,
			"type" : "Source 4 26deg",
			"parameters" : {
				"intensity" : {
					"type" : "float",
					"val" : 0,
					"default" : 0,
					"max" : 1,
					"min" : 0
				}
			},
			"metadata" : {
				"area" : "Ruben 1",
				"gel" : "R18",
				"color" : "1.0, 0.7020, 0.4431",
				"exposure" : "3.0",
				"filename" : "S4 26 Deg. 575w-115v_LM6302_07.ies",
				"lookat" : "-1.62, 5.21, -1.61",
				"pan" : "0",
				"position" : "-5.42, 4.79, 7.925",
				"samples" : "3",
				"tilt" : "0.0",
				"up" : "0, -1, 0",
				"volume_samples" : "3"
			}
		},
		"Alex_Texture2" : {
			"channel" : 19,
			"type" : "Source 4 36deg",
			"parameters" : {
				"intensity" : {
					"type" : "float",
					"val" : 0,
					"default" : 0,
					"max" : 1,
					"min" : 0
				}
			},
			"metadata" : {
				"area" : "Alex 3",
				"color" : "1.0, 0.7020, 0.4431",
				"exposure" : "3.0",
				"filename" : "S4 36 Deg. 575w-115v_LM6302_07.ies",
				"lookat" : "5.91, 1.86, -1.61",
				"pan" : "0",
				"position" : "7.79, 2.04, 7.925",
				"samples" : "3",
				"tilt" : "0.0",
				"up" : "0, -1, 0",
				"volume_samples" : "3"
			}
		},
		"Ruben_Spec" : {
			"channel" : 79,
			"type" : "Source 4 26deg",
			"parameters" : {
				"intensity" : {
					"type" : "float",
					"val" : 0,
					"default" : 0,
					"max" : 1,
					"min" : 0
				}
			},
			"metadata" : {
				"color" : "1.0, 0.7020, 0.4431",
				"exposure" : "3.0",
				"filename" : "S4 26 Deg. 575w-115v_LM6302_07.ies",
				"lookat" : "3.32, 5.13, -1.60",
				"pan" : "0",
				"position" : "4.38, 3.18, 7.925",
				"samples" : "3",
				"tilt" : "0.0",
				"up" : "0, -1, 0",
				"volume_samples" : "3"
			}
		},
		"Jenna_Back1" : {
			"channel" : 51,
			"type" : "PAR 64 MFL",
			"parameters" : {
				"intensity" : {
					"type" : "float",
					"val" : 0,
					"default" : 0,
					"max" : 1,
					"min" : 0
				}
			},
			"metadata" : {
				"area" : "Jenna 1",
				"gel" : "L198",
				"color" : "1.0, 0.7020, 0.4431",
				"exposure" : "3.0",
				"filename" : "Q1000PAR64MFL.IES",
				"lookat" : "-1.26, 3.41, -1.61",
				"pan" : "0",
				"position" : "0.26, 4.58, 7.925",
				"samples" : "3",
				"tilt" : "0.0",
				"up" : "0, -1, 0",
				"volume_samples" : "3"
			}
		},
		"Jenna_Back2" : {
			"channel" : 59,
			"type" : "Source 4 26deg",
			"parameters" : {
				"intensity" : {
					"type" : "float",
					"val" : 0,
					"default" : 0,
					"max" : 1,
					"min" : 0
				}
			},
			"metadata" : {
				"area" : "Jenna 3",
				"gel" : "R397",
				"color" : "1.0, 0.7020, 0.4431",
				"exposure" : "3.0",
				"filename" : "S4 26 Deg. 575w-115v_LM6302_07.ies",
				"lookat" : "0.14, 3.43, -1.61",
				"pan" : "0",
				"position" : "0.26, 4.58, 7.925",
				"samples" : "3",
				"tilt" : "0.0",
				"up" : "0, -1, 0",
				"volume_samples" : "3"
			}
		},
		"Jenna_Back3" : {
			"channel" : 52,
			"type" : "PAR 64 MFL, 10\" Barn Door",
			"parameters" : {
				"intensity" : {
					"type" : "float",
					"val" : 0,
					"default" : 0,
					"max" : 1,
					"min" : 0
				}
			},
			"metadata" : {
				"area" : "Jenna 2",
				"gel" : "L198",
				"color" : "1.0, 0.7020, 0.4431",
				"exposure" : "3.0",
				"filename" : "Q1000PAR64MFL.IES",
				"lookat" : "-2.61, 3.86, -1.61",
				"pan" : "0",
				"position" : "-3.44, 5.83, 7.925",
				"samples" : "3",
				"tilt" : "0.0",
				"up" : "0, -1, 0",
				"volume_samples" : "3"
			}
		},
		"Jenna_03" : {
			"channel" : 56,
			"type" : "Source 4 26deg",
			"parameters" : {
				"intensity" : {
					"type" : "float",
					"val" : 0,
					"default" : 0,
					"max" : 1,
					"min" : 0
				}
			},
			"metadata" : {
				"area" : "Jenna 2",
				"color" : "1.0, 0.7020, 0.4431",
				"exposure" : "3.0",
				"filename" : "S4 26 Deg. 575w-115v_LM6302_07.ies",
				"lookat" : "-2.61, 3.86, -1.61",
				"pan" : "0",
				"position" : "-3.44, 5.83, 7.925",
				"samples" : "3",
				"tilt" : "0.0",
				"up" : "0, -1, 0",
				"volume_samples" : "3"
			}
		},
		"Ruben_TopSpec" : {
			"channel" : 70,
			"type" : "Source 4 36deg",
			"parameters" : {
				"intensity" : {
					"type" : "float",
					"val" : 0,
					"default" : 0,
					"max" : 1,
					"min" : 0
				}
			},
			"metadata" : {
				"area" : "Ruben 1",
				"gel" : "N/C",
				"color" : "1.0, 0.7020, 0.4431",
				"exposure" : "3.0",
				"filename" : "S4 36 Deg. 575w-115v_LM6302_07.ies",
				"lookat" : "-1.62, 5.21, -1.61",
				"pan" : "0",
				"position" : "-3.44, 5.83, 7.925",
				"samples" : "3",
				"tilt" : "0.0",
				"up" : "0, -1, 0",
				"volume_samples" : "3"
			}
		},
		"Ruben_Window1" : {
			"channel" : 71,
			"type" : "Source 4 26deg",
			"parameters" : {
				"intensity" : {
					"type" : "float",
					"val" : 0,
					"default" : 0,
					"max" : 1,
					"min" : 0
				}
			},
			"metadata" : {
				"area" : "Ruben 2",
				"gel" : "R26",
				"gobo" : "G202",
				"color" : "1.0, 0.7020, 0.4431",
				"exposure" : "3.0",
				"filename" : "S4 26 Deg. 575w-115v_LM6302_07.ies",
				"lookat" : "-0.45, 4.06, -1.61",
				"pan" : "0",
				"position" : "-4.88, 6.31, 7.925",
				"samples" : "3",
				"tilt" : "0.0",
				"up" : "0, -1, 0",
				"volume_samples" : "3"
			}
		},
		"Alex_Back_Key" : {
			"channel" : 11,
			"type" : "Source 4 36deg",
			"parameters" : {
				"intensity" : {
					"type" : "float",
					"val" : 0,
					"default" : 0,
					"max" : 1,
					"min" : 0
				}
			},
			"metadata" : {
				"area" : "Alex 4",
				"color" : "1.0, 0.7020, 0.4431",
				"exposure" : "3.0",
				"filename" : "S4 36 Deg. 575w-115v_LM6302_07.ies",
				"lookat" : "5.23, 1.17, -1.61",
				"pan" : "0",
				"position" : "8.43, 4.52, 8.814",
				"samples" : "3",
				"tilt" : "0.0",
				"up" : "0, -1, 0",
				"volume_samples" : "3"
			}
		},
	    "Hunter_Back1" : {
	      "channel" : 31,
	      "type" : "PAR 64 MFL, 10\" Barn Door",
	      "parameters" : {
				"intensity" : {
					"type" : "float",
					"val" : 0,
					"default" : 0,
					"max" : 1,
					"min" : 0
				}
			},
			"metadata" : {
				"area" : "Hunter 4",
				"color" : "1.0, 0.7020, 0.4431",
				"exposure" : "3.0",
				"filename" : "Q1000PAR64MFL.IES",
				"lookat" : "4.33, 2.55, -1.61",
				"pan" : "0",
				"position" : "7.40, 4.88, 8.814",
				"samples" : "3",
				"tilt" : "0.0",
				"up" : "0, -1, 0",
				"volume_samples" : "3"
			}
	    },
		"Alex_Texture3" : {
			"channel" : 10,
			"type" : "Source 4 26deg",
			"parameters" : {
				"intensity" : {
					"type" : "float",
					"val" : 0,
					"default" : 0,
					"max" : 1,
					"min" : 0
				}
			},
			"metadata" : {
				"area" : "Alex 5",
				"color" : "1.0, 0.7020, 0.4431",
				"exposure" : "3.0",
				"filename" : "S4 26 Deg. 575w-115v_LM6302_07.ies",
				"lookat" : "8.58, 0.07, -1.61",
				"pan" : "0",
				"position" : "5.19, 5.63, 8.814",
				"samples" : "3",
				"tilt" : "0.0",
				"up" : "0, -1, 0",
				"volume_samples" : "3"
			}
		},
		"Hunter_Back2" : {
			"channel" : 30,
			"type" : "PAR 64 MFL",
			"parameters" : {
				"intensity" : {
					"type" : "float",
					"val" : 0,
					"default" : 0,
					"max" : 1,
					"min" : 0
				}
			},
			"metadata" : {
				"area" : "Hunter 3",
				"color" : "1.0, 0.7020, 0.4431",
				"exposure" : "3.0",
				"filename" : "Q1000PAR64MFL.IES",
				"lookat" : "2.59, 3.25, -1.61",
				"pan" : "0",
				"position" : "5.19, 5.63, 8.814",
				"samples" : "3",
				"tilt" : "0.0",
				"up" : "0, -1, 0",
				"volume_samples" : "3"
			}
		},
		"Ruben_Spec2" : {
			"channel" : 72,
			"type" : "Source 4 19deg",
			"parameters" : {
				"intensity" : {
					"type" : "float",
					"val" : 0,
					"default" : 0,
					"max" : 1,
					"min" : 0
				}
			},
			"metadata" : {
				"area" : "Ruben 2",
				"gel" : "G940",
				"gobo" : "G202",
				"color" : "1.0, 0.7020, 0.4431",
				"exposure" : "3.0",
				"filename" : "S4 19 Deg. 575w-115v_LM6302_07.ies",
				"lookat" : "-0.45, 4.06, -1.61",
				"pan" : "0",
				"position" : "3.30, 6.25, 8.814",
				"samples" : "3",
				"tilt" : "0.0",
				"up" : "0, -1, 0",
				"volume_samples" : "3"
			}
		},
		"Jenna_Back4" : {
			"channel" : 44,
			"type" : "Source 4 19deg",
			"parameters" : {
				"intensity" : {
					"type" : "float",
					"val" : 0,
					"default" : 0,
					"max" : 1,
					"min" : 0
				}
			},
			"metadata" : {
				"area" : "Jenna 2",
				"gel" : "L201+R98",
				"color" : "1.0, 0.7020, 0.4431",
				"exposure" : "3.0",
				"filename" : "S4 19 Deg. 575w-115v_LM6302_07.ies",
				"lookat" : "-2.61, 3.86, -1.61",
				"pan" : "0",
				"position" : "0.51, 7.22, 8.814",
				"samples" : "3",
				"tilt" : "0.0",
				"up" : "0, -1, 0",
				"volume_samples" : "3"
			}
		},
		"Ruben_Spec3" : {
			"channel" : 73,
			"type" : "Source 4 26deg",
			"parameters" : {
				"intensity" : {
					"type" : "float",
					"val" : 0,
					"default" : 0,
					"max" : 1,
					"min" : 0
				}
			},
			"metadata" : {
				"area" : "Ruben 1",
				"gel" : "R89",
				"gobo" : "G202",
				"color" : "1.0, 0.7020, 0.4431",
				"exposure" : "3.0",
				"filename" : "S4 26 Deg. 575w-115v_LM6302_07.ies",
				"lookat" : "-1.62, 5.21, -1.61",
				"pan" : "0",
				"position" : "-0.59, 7.61, 8.814",
				"samples" : "3",
				"tilt" : "0.0",
				"up" : "0, -1, 0",
				"volume_samples" : "3"
			}
		},
		"Ruben_Spec4" : {
			"channel" : 74,
			"type" : "Source 4 26deg",
			"parameters" : {
				"intensity" : {
					"type" : "float",
					"val" : 0,
					"default" : 0,
					"max" : 1,
					"min" : 0
				}
			},
			"metadata" : {
				"area" : "Ruben 1",
				"gel" : "R89",
				"gobo" : "G202",
				"color" : "1.0, 0.7020, 0.4431",
				"exposure" : "3.0",
				"filename" : "S4 26 Deg. 575w-115v_LM6302_07.ies",
				"lookat" : "3.32, 5.13, -1.60",
				"pan" : "0",
				"position" : "-1.62, 5.21, -1.61",
				"samples" : "3",
				"tilt" : "0.0",
				"up" : "0, -1, 0",
				"volume_samples" : "3"
			}
		},
		"Ruben_Spec5" : {
			"channel" : 75,
			"type" : "Source 4 36deg",
			"parameters" : {
				"intensity" : {
					"type" : "float",
					"val" : 0,
					"default" : 0,
					"max" : 1,
					"min" : 0
				}
			},
			"metadata" : {
				"area" : "Ruben 1",
				"gel" : "N/C",
				"color" : "1.0, 0.7020, 0.4431",
				"exposure" : "3.0",
				"filename" : "S4 36 Deg. 575w-115v_LM6302_07.ies",
				"lookat" : "-1.62, 5.21, -1.61",
				"pan" : "0",
				"position" : "-3.41, 8.54, 8.814",
				"samples" : "3",
				"tilt" : "0.0",
				"up" : "0, 0, 1",
				"volume_samples" : "3"
			}
		},
		"Alex_Moon_Fill" : {
			"channel" : 9,
			"type" : "PAR 64 NSP",
			"parameters" : {
				"intensity" : {
					"type" : "float",
					"val" : 0,
					"default" : 0,
					"max" : 1,
					"min" : 0
				}
			},
			"metadata" : {
				"area" : "Alex 3",
				"color" : "1.0, 0.7020, 0.4431",
				"exposure" : "3.0",
				"filename" : "Q1000PAR64NSP.IES",
				"lookat" : "5.91, 1.86, -1.61",
				"pan" : "0",
				"position" : "4.38, 6.96, 8.814",
				"samples" : "3",
				"tilt" : "0.0",
				"up" : "0, -1, 0",
				"volume_samples" : "3"
			}
		},
		"Jenna_Spec" : {
			"channel" : 43,
			"type" : "Source 4 26deg",
			"parameters" : {
				"intensity" : {
					"type" : "float",
					"val" : 0,
					"default" : 0,
					"max" : 1,
					"min" : 0
				}
			},
			"metadata" : {
				"area" : "Jenna 1",
				"gel" : "L201+R98",
				"color" : "1.0, 0.7020, 0.4431",
				"exposure" : "3.0",
				"filename" : "S4 26 Deg. 575w-115v_LM6302_07.ies",
				"lookat" : "-1.26, 3.41, -1.61",
				"pan" : "0",
				"position" : "2.55, 7.56, 8.814",
				"samples" : "3",
				"tilt" : "0.0",
				"up" : "0, -1, 0",
				"volume_samples" : "3"
			}
		},


		"Hunter_Front1" : {
			"channel" : 21,
			"type" : "Source 4 19deg",
			"parameters" : {
				"intensity" : {
					"type" : "float",
					"val" : 0,
					"default" : 0,
					"max" : 1,
					"min" : 0
				}
			},
			"metadata" : {
				"area" : "Hunter 1",
				"color" : "1.0, 0.7020, 0.4431",
				"exposure" : "3.0",
				"filename" : "S4 19 Deg. 575w-115v_LM6302_07.ies",
				"lookat" : "3.82, 1.7, -1.61",
				"pan" : "0",
				"position" : "4.46, -4.05, 7.925",
				"samples" : "3",
				"tilt" : "0.0",
				"up" : "0, -1, 0",
				"volume_samples" : "3"
			}
		},
		"Alex_Joan_Key" : {
			"channel" : 2,
			"type" : "Source 4 19deg",
			"parameters" : {
				"intensity" : {
					"type" : "float",
					"val" : 0,
					"default" : 0,
					"max" : 1,
					"min" : 0
				}
			},
			"metadata" : {
				"area" : "Alex 2",
				"color" : "1.0, 0.7020, 0.4431",
				"exposure" : "3.0",
				"filename" : "S4 19 Deg. 575w-115v_LM6302_07.ies",
				"lookat" : "8.70, 1.14, -1.61",
				"pan" : "0",
				"position" : "2.28, -3.36, 7.925",
				"samples" : "3",
				"tilt" : "0.0",
				"up" : "0, -1, 0",
				"volume_samples" : "3"
			}
		},
		"Jenna_Front1" : {
			"channel" : 41,
			"type" : "Source 4 19deg",
			"parameters" : {
				"intensity" : {
					"type" : "float",
					"val" : 0,
					"default" : 0,
					"max" : 1,
					"min" : 0
				}
			},
			"metadata" : {
				"area" : "Jenna 1",
				"gel" : "R3204+R98",
				"color" : "1.0, 0.7020, 0.4431",
				"exposure" : "3.0",
				"filename" : "S4 19 Deg. 575w-115v_LM6302_07.ies",
				"lookat" : "-1.26, 3.41, -1.61",
				"pan" : "0",
				"position" : "-2.37, -1.65, 7.925",
				"samples" : "3",
				"tilt" : "0.0",
				"up" : "0, -1, 0",
				"volume_samples" : "3"
			}
		},
		"Jenna_Front2" : {
			"channel" : 42,
			"type" : "Source 4 19deg",
			"parameters" : {
				"intensity" : {
					"type" : "float",
					"val" : 0,
					"default" : 0,
					"max" : 1,
					"min" : 0
				}
			},
			"metadata" : {
				"area" : "Jenna 2",
				"gel" : "R3204+R98",
				"color" : "1.0, 0.7020, 0.4431",
				"exposure" : "3.0",
				"filename" : "S4 19 Deg. 575w-115v_LM6302_07.ies",
				"lookat" : "-2.61, 3.86, -1.61",
				"pan" : "0",
				"position" : "-4.68, -1.03, 7.925",
				"samples" : "3",
				"tilt" : "0.0",
				"up" : "0, -1, 0",
				"volume_samples" : "3"
			}
		},
		"Hunter_Front2" : {
			"channel" : 22,
			"type" : "Source 4 19deg",
			"parameters" : {
				"intensity" : {
					"type" : "float",
					"val" : 0,
					"default" : 0,
					"max" : 1,
					"min" : 0
				}
			},
			"metadata" : {
				"area" : "Hunter 2",
				"color" : "1.0, 0.7020, 0.4431",
				"exposure" : "3.0",
				"filename" : "S4 19 Deg. 575w-115v_LM6302_07.ies",
				"lookat" : "2.23, 2.23, -1.61",
				"pan" : "0",
				"position" : "4.088, -5.215, 6.90",
				"samples" : "3",
				"tilt" : "0.0",
				"up" : "0, -1, 0",
				"volume_samples" : "3"
			}
		},
		"Alex_Bed_Key" : {
			"channel" : 1,
			"type" : "Source 4 19deg",
			"parameters" : {
				"intensity" : {
					"type" : "float",
					"val" : 0,
					"default" : 0,
					"max" : 1,
					"min" : 0
				}
			},
			"metadata" : {
				"area" : "Alex 1",
				"color" : "1.0, 0.7020, 0.4431",
				"exposure" : "3.0",
				"filename" : "S4 19 Deg. 575w-115v_LM6302_07.ies",
				"lookat" : "6.96, 0.62, -1.61",
				"pan" : "0",
				"position" : "1.89, -4.295, 6.90",
				"samples" : "3",
				"tilt" : "0.0",
				"up" : "0, -1, 0",
				"volume_samples" : "3"
			}
		},
		"Ruben_Front1" : {
			"channel" : 61,
			"type" : "Source 4 19deg",
			"parameters" : {
				"intensity" : {
					"type" : "float",
					"val" : 0,
					"default" : 0,
					"max" : 1,
					"min" : 0
				}
			},
			"metadata" : {
				"area" : "Ruben 2",
				"gel" : "R18",
				"color" : "1.0, 0.7020, 0.4431",
				"exposure" : "3.0",
				"filename" : "S4 19 Deg. 575w-115v_LM6302_07.ies",
				"lookat" : "-0.45, 4.06, -1.61",
				"pan" : "0",
				"position" : "-2.745, -2.86, 6.90",
				"samples" : "3",
				"tilt" : "0.0",
				"up" : "0, -1, 0",
				"volume_samples" : "3"
			}
		},
		"Ruben_Front2" : {
			"channel" : 62,
			"type" : "Source 4 19deg",
			"parameters" : {
				"intensity" : {
					"type" : "float",
					"val" : 0,
					"default" : 0,
					"max" : 1,
					"min" : 0
				}
			},
			"metadata" : {
				"area" : "Ruben 3",
				"gel" : "R18",
				"color" : "1.0, 0.7020, 0.4431",
				"exposure" : "3.0",
				"filename" : "S4 19 Deg. 575w-115v_LM6302_07.ies",
				"lookat" : "-1.44, 3.47, -1.61",
				"pan" : "0",
				"position" : "-5.055, -2.115, 6.90",
				"samples" : "3",
				"tilt" : "0.0",
				"up" : "0, -1, 0",
				"volume_samples" : "3"
			}
		},

		"Hunter_Diag_Front1" : {
			"channel" : 23,
			"type" : "Source 4 19deg",
			"parameters" : {
				"intensity" : {
					"type" : "float",
					"val" : 0,
					"default" : 0,
					"max" : 1,
					"min" : 0
				}
			},
			"metadata" : {
				"area" : "Hunter 2",
				"color" : "1.0, 0.7020, 0.4431",
				"exposure" : "3.0",
				"filename" : "S4 19 Deg. 575w-115v_LM6302_07.ies",
				"lookat" : "2.23, 2.23, -1.61",
				"pan" : "0",
				"position" : "-8.39, -3, 4.46",
				"samples" : "3",
				"tilt" : "0.0",
				"up" : "0, -1, 0",
				"volume_samples" : "3"
			}
		},
		"Alex_Texture4" : {
			"channel" : 3,
			"type" : "Source 4 19deg",
			"parameters" : {
				"intensity" : {
					"type" : "float",
					"val" : 0,
					"default" : 0,
					"max" : 1,
					"min" : 0
				}
			},
			"metadata" : {
				"area" : "Alex 5",
				"color" : "1.0, 0.7020, 0.4431",
				"exposure" : "3.0",
				"filename" : "S4 19 Deg. 575w-115v_LM6302_07.ies",
				"lookat" : "8.58, 0.07, -1.61",
				"pan" : "0",
				"position" : "-8.09, -2.63, 4.47",
				"samples" : "3",
				"tilt" : "0.0",
				"up" : "0, -1, 0",
				"volume_samples" : "3"
			}
		},
		"Ruben_Shadow" : {
			"channel" : 65,
			"type" : "Source 4 36deg",
			"parameters" : {
				"intensity" : {
					"type" : "float",
					"val" : 0,
					"default" : 0,
					"max" : 1,
					"min" : 0
				}
			},
			"metadata" : {
				"area" : "Ruben 3",
				"gel" : "R18",
				"color" : "1.0, 0.7020, 0.4431",
				"exposure" : "3.0",
				"filename" : "S4 36 Deg. 575w-115v_LM6302_07.ies",
				"lookat" : "-1.44, 3.47, -1.61",
				"pan" : "0",
				"position" : "-5.79, 0.57, 2.04",
				"samples" : "3",
				"tilt" : "0.0",
				"up" : "0, -1, 0",
				"volume_samples" : "3"
			}
		},


		"Ruben_Side2" : {
			"channel" : 63,
			"type" : "Source 4 19deg",
			"parameters" : {
				"intensity" : {
					"type" : "float",
					"val" : 0,
					"default" : 0,
					"max" : 1,
					"min" : 0
				}
			},
			"metadata" : {
				"area" : "Ruben 3",
				"gel" : "N/C",
				"color" : "1.0, 0.7020, 0.4431",
				"exposure" : "3.0",
				"filename" : "S4 19 Deg. 575w-115v_LM6302_07.ies",
				"lookat" : "-1.44, 3.47, -1.61",
				"pan" : "0",
				"position" : "6.33, -7.88, 4.45",
				"samples" : "3",
				"tilt" : "0.0",
				"up" : "0, -1, 0",
				"volume_samples" : "3"
			}
		},
		"Jenna_Side2" : {
			"channel" : 60,
			"type" : "Source 4 19deg",
			"parameters" : {
				"intensity" : {
					"type" : "float",
					"val" : 0,
					"default" : 0,
					"max" : 1,
					"min" : 0
				}
			},
			"metadata" : {
				"area" : "Jenna 1",
				"color" : "1.0, 0.7020, 0.4431",
				"exposure" : "3.0",
				"filename" : "S4 19 Deg. 575w-115v_LM6302_07.ies",
				"lookat" : "-1.26, 3.41, -1.61",
				"pan" : "0",
				"position" : "6.32, -7.47, 4.47",
				"samples" : "3",
				"tilt" : "0.0",
				"up" : "0, -1, 0",
				"volume_samples" : "3"
			}
		},
		"Hunter_Diag_Front2" : {
			"channel" : 38,
			"type" : "Source 4 36deg",
			"parameters" : {
				"intensity" : {
					"type" : "float",
					"val" : 0,
					"default" : 0,
					"max" : 1,
					"min" : 0
				}
			},
			"metadata" : {
				"area" : "Hunter 1",
				"color" : "1.0, 0.7020, 0.4431",
				"exposure" : "3.0",
				"filename" : "S4 36 Deg. 575w-115v_LM6302_07.ies",
				"lookat" : "3.82, 1.7, -1.61",
				"pan" : "0",
				"position" : "6.38, -5.12, 4.47",
				"samples" : "3",
				"tilt" : "0.0",
				"up" : "0, -1, 0",
				"volume_samples" : "3"
			}
		},
		"Alex_Texture5" : {
			"channel" : 4,
			"type" : "Source 4 26deg",
			"parameters" : {
				"intensity" : {
					"type" : "float",
					"val" : 0,
					"default" : 0,
					"max" : 1,
					"min" : 0
				}
			},
			"metadata" : {
				"area" : "Alex 5",
				"color" : "1.0, 0.7020, 0.4431",
				"exposure" : "3.0",
				"filename" : "S4 26 Deg. 575w-115v_LM6302_07.ies",
				"lookat" : "8.58, 0.07, -1.61",
				"pan" : "0",
				"position" : "6.79, -5.70, 3.28",
				"samples" : "3",
				"tilt" : "0.0",
				"up" : "0, -1, 0",
				"volume_samples" : "3"
			}
		},
		"Alex_Texture6" : {
			"channel" : 5,
			"type" : "Source 4 36deg",
			"parameters" : {
				"intensity" : {
					"type" : "float",
					"val" : 0,
					"default" : 0,
					"max" : 1,
					"min" : 0
				}
			},
			"metadata" : {
				"area" : "Alex 4",
				"color" : "1.0, 0.7020, 0.4431",
				"exposure" : "3.0",
				"filename" : "S4 36 Deg. 575w-115v_LM6302_07.ies",
				"lookat" : "5.23, 1.17, -1.61",
				"pan" : "0",
				"position" : "6.45, -3.52, 1.98",
				"samples" : "3",
				"tilt" : "0.0",
				"up" : "0, -1, 0",
				"volume_samples" : "3"
			}
		},
		"Ruben_Low_Shadow" : {
			"channel" : 64,
			"type" : "Source 4 PAR WFL, 10\" Barn Door",
			"parameters" : {
				"intensity" : {
					"type" : "float",
					"val" : 0,
					"default" : 0,
					"max" : 1,
					"min" : 0
				}
			},
			"metadata" : {
				"area" : "Ruben 1",
				"gel": "N/C",
				"color" : "1.0, 0.7020, 0.4431",
				"exposure" : "3.0",
				"filename" : "Q1000PAR64WFL.IES",
				"lookat" : "-1.62, 5.21, -1.61",
				"pan" : "0",
				"position" : "6.47, -2.93, 0.80",
				"samples" : "3",
				"tilt" : "0.0",
				"up" : "0, -1, 0",
				"volume_samples" : "3"
			}
		},

		"Alex_Rover_Sidelight" : {
			"channel" : 17,
			"type" : "Source 4 PAR WFL, 10\" Barn Door",
			"parameters" : {
				"intensity" : {
					"type" : "float",
					"val" : 0,
					"default" : 0,
					"max" : 1,
					"min" : 0
				}
			},
			"metadata" : {
				"area" : "Alex 4",
				"height" : "6.0",
				"color" : "1.0, 0.7020, 0.4431",
				"exposure" : "3.0",
				"filename" : "Q1000PAR64WFL.IES",
				"lookat" : "5.23, 1.17, -1.61",
				"pan" : "0",
				"position" : "8.53, -0.60, 1.438",
				"samples" : "3",
				"tilt" : "0.0",
				"up" : "0, -1, 0",
				"volume_samples" : "3"
			}
		},
		"Hunter_Rover_Window" : {
			"channel" : 40,
			"type" : "Source 4 PAR WFL, 10\" Barn Door",
			"parameters" : {
				"intensity" : {
					"type" : "float",
					"val" : 0,
					"default" : 0,
					"max" : 1,
					"min" : 0
				}
			},
			"metadata" : {
				"area" : "Hunter 1",
				"height" : "6.0",
				"color" : "1.0, 0.7020, 0.4431",
				"exposure" : "3.0",
				"filename" : "Q1000PAR64WFL.IES",
				"lookat" : "3.82, 1.7, -1.61",
				"pan" : "0",
				"position" : "9.09, 0.77, 1.438",
				"samples" : "3",
				"tilt" : "0.0",
				"up" : "0, -1, 0",
				"volume_samples" : "3"
			}
		},
		"Alex_Rover_Lightning" : {
			"channel" : 16,
			"type" : "Source 4 PAR WFL, 10\" Barn Door",
			"parameters" : {
				"intensity" : {
					"type" : "float",
					"val" : 0,
					"default" : 0,
					"max" : 1,
					"min" : 0
				}
			},
			"metadata" : {
				"area" : "Alex 1",
				"height" : "10.0",
				"color" : "1.0, 0.7020, 0.4431",
				"exposure" : "3.0",
				"filename" : "Q1000PAR64WFL.IES",
				"lookat" : "6.61, 0.98, -1.61",
				"pan" : "0",
				"position" : "8.89, 2.03, 1.438",
				"samples" : "3",
				"tilt" : "0.0",
				"up" : "0, -1, 0",
				"volume_samples" : "3"
			}
		},
		"Alex_Floorplate_Candle1" : {
			"channel" : 15,
			"type" : "Source 4 PAR WFL, 10\" Barn Door",
			"parameters" : {
				"intensity" : {
					"type" : "float",
					"val" : 0,
					"default" : 0,
					"max" : 1,
					"min" : 0
				}
			},
			"metadata" : {
				"area" : "Alex Up",
				"height" : "0.5",
				"color" : "1.0, 0.7020, 0.4431",
				"exposure" : "3.0",
				"filename" : "Q1000PAR64WFL.IES",
				"lookat" : "6.79, 0.101, -0.356",
				"pan" : "0",
				"position" : "6.79, 0.10, -1.356",
				"samples" : "3",
				"tilt" : "0.0",
				"up" : "0, -1, 0",
				"volume_samples" : "3"
			}
		},
		"Alex_Floorplate_Candle2" : {
			"channel" : 14,
			"type" : "Source 4 PAR WFL, 10\" Barn Door",
			"parameters" : {
				"intensity" : {
					"type" : "float",
					"val" : 0,
					"default" : 0,
					"max" : 1,
					"min" : 0
				}
			},
			"metadata" : {
				"area" : "Alex Up",
				"height" : "0.5",
				"color" : "1.0, 0.7020, 0.4431",
				"exposure" : "3.0",
				"filename" : "Q1000PAR64WFL.IES",
				"lookat" : "6.43, 1.501, -0.356",
				"pan" : "0",
				"position" : "6.43, 1.50, -1.356",
				"samples" : "3",
				"tilt" : "0.0",
				"up" : "0, -1, 0",
				"volume_samples" : "3"
			}
		},
		"Alex_Floorplate_Candle3" : {
			"channel" : 13,
			"type" : "Source 4 PAR WFL, 10\" Barn Door",
			"parameters" : {
				"intensity" : {
					"type" : "float",
					"val" : 0,
					"default" : 0,
					"max" : 1,
					"min" : 0
				}
			},
			"metadata" : {
				"area" : "Alex Up",
				"height" : "0.5",
				"color" : "1.0, 0.7020, 0.4431",
				"exposure" : "3.0",
				"filename" : "Q1000PAR64WFL.IES",
				"lookat" : "4.51, 2.901, -0.356",
				"pan" : "0",
				"position" : "4.51, 2.90, -1.356",
				"samples" : "3",
				"tilt" : "0.0",
				"up" : "0, -1, 0",
				"volume_samples" : "3"
			}
		},
		"Alex_Floorplate_Hell" : {
			"channel" : 12,
			"type" : "Source 4 PAR WFL, 10\" Barn Door",
			"parameters" : {
				"intensity" : {
					"type" : "float",
					"val" : 0,
					"default" : 0,
					"max" : 1,
					"min" : 0
				}
			},
			"metadata" : {
				"area" : "Alex 5",
				"height" : "0.5",
				"color" : "1.0, 0.7020, 0.4431",
				"exposure" : "3.0",
				"filename" : "Q1000PAR64WFL.IES",
				"lookat" : "8.58, 0.07, -1.61",
				"pan" : "0",
				"position" : "2.58, 1.5, -1.356",
				"samples" : "3",
				"tilt" : "0.0",
				"up" : "0, -1, 0",
				"volume_samples" : "3"
			}
		},
		"Jenna_DSL_Floor" : {
			"channel" : 200,
			"type" : "Source 4 PAR WFL, 10\" Barn Door",
			"parameters" : {
				"intensity" : {
					"type" : "float",
					"val" : 0,
					"default" : 0,
					"max" : 1,
					"min" : 0
				}
			},
			"metadata" : {
				"color" : "1.0, 0.7020, 0.4431",
				"exposure" : "3.0",
				"filename" : "Q1000PAR64WFL.IES",
				"lookat" : "3.32, 5.13, -1.60",
				"pan" : "0",
				"position" : "0.64, 1.98, -1.356",
				"samples" : "3",
				"tilt" : "0.0",
				"up" : "0, -1, 0",
				"volume_samples" : "3"
			}
		},
		"Jenna_DSR_Floor" : {
			"channel" : 201,
			"type" : "Source 4 PAR WFL, 10\" Barn Door",
			"parameters" : {
				"intensity" : {
					"type" : "float",
					"val" : 0,
					"default" : 0,
					"max" : 1,
					"min" : 0
				}
			},
			"metadata" : {
				"color" : "1.0, 0.7020, 0.4431",
				"exposure" : "3.0",
				"filename" : "Q1000PAR64WFL.IES",
				"lookat" : "3.32, 5.13, -1.60",
				"pan" : "0",
				"position" : "-3.19, 3.42, -1.356",
				"samples" : "3",
				"tilt" : "0.0",
				"up" : "0, -1, 0",
				"volume_samples" : "3"
			}
		}
	},
	"patches" : {
		"DMX1" : {
			"type" : "DMXPatch",
			"interfaces" : {
				"DMXPRO1" : {
					"type" : "DMXPro2Interface",
					"proNum" : 0,
					"out1" : 0,
					"out2" : 1
				}
			},
			"universes" : {
				"DMXPRO1" : 0,
				"DMXPRO1" : 1
			},
			"deviceMaps" : {
				"Lustr+" : {
					"color" : [
						0,
						"COLOR_LUSTRPLUS"
					],
					"intensity" : [
						7,
						"FLOAT_TO_SINGLE"
					],
					"strobe" : [
						8,
						"FLOAT_TO_SINGLE"
					]
				},
				"dimmer" : {
					"intensity" : [
						0,
						"FLOAT_TO_SINGLE"
					]
				},
				"seachanger" : {
					"cyan" : [
						0,
						"FLOAT_TO_SINGLE"
					],
					"green" : [
						3,
						"FLOAT_TO_SINGLE"
					],
					"magenta" : [
						1,
						"FLOAT_TO_SINGLE"
					],
					"yellow" : [
						2,
						"FLOAT_TO_SINGLE"
					]
				},
				"strip" : {
					"color1" : [
						0,
						"FLOAT_TO_SINGLE"
					],
					"color2" : [
						1,
						"FLOAT_TO_SINGLE"
					],
					"color3" : [
						2,
						"FLOAT_TO_SINGLE"
					]
				}
			},
			"devicePatch" : {

			}
		},
		"arnold" : {
			"type" : "ArnoldAnimationPatch",
      		"sceneFile" : "stage.ass",
      		"pluginDir" : "J:/LumiverseInstall/lib/arnold/plugin;C:/lib/Lumiverse/lib/arnold/plugin;C:/solidangle/mtoadeploy/2015/shaders/",
      		"frameDirectory" : "J:/Lumiverse/Lumiverse/source/Test/movie/",
      		"predictive" : 0,
			"gamma" : 2.2,
			"lights" : {
	        	"Alex_Moon_SL" : { "type" : "photometric_light" },
				"Alex_Texture1" : { "type" : "photometric_light" },
				"Jenna_Side" : { "type" : "photometric_light" },
				"Hunter_Top" : { "type" : "photometric_light" },
				"Alex_Moon_SR" : { "type" : "photometric_light" },
				"Ruben_Top1" : { "type" : "photometric_light" },
				"Jenna_01" : { "type" : "photometric_light" },
				"Ruben_Top2" : { "type" : "photometric_light" },
				"unallocated_01" : { "type" : "photometric_light" },
				"Jenna_02" : { "type" : "photometric_light" },
				"Ruben_Top3" : { "type" : "photometric_light" },
				"Ruben_Side1" : { "type" : "photometric_light" },
				"Alex_Texture2" : { "type" : "photometric_light" },
				"Ruben_Spec" : { "type" : "photometric_light" },
				"Jenna_Back1" : { "type" : "photometric_light" },
				"Jenna_Back2" : { "type" : "photometric_light" },
				"Jenna_Back3" : { "type" : "photometric_light" },
				"Jenna_03" : { "type" : "photometric_light" },
				"Ruben_TopSpec" : { "type" : "photometric_light" },
				"Ruben_Window1" : { "type" : "photometric_light" },
				"Alex_Back_Key" : { "type" : "photometric_light" },
				"Hunter_Back1" : { "type" : "photometric_light" },
				"Alex_Texture3" : { "type" : "photometric_light" },
				"Hunter_Back2" : { "type" : "photometric_light" },
				"Ruben_Spec2" : { "type" : "photometric_light" },
				"Jenna_Back4" : { "type" : "photometric_light" },
				"Ruben_Spec3" : { "type" : "photometric_light" },
				"Ruben_Spec4" : { "type" : "photometric_light" },
				"Ruben_Spec5" : { "type" : "photometric_light" },
				"Alex_Moon_Fill" : { "type" : "photometric_light" },
				"Jenna_Spec" : { "type" : "photometric_light" },
				"Hunter_Front1" : { "type" : "photometric_light" },
				"Alex_Joan_Key" : { "type" : "photometric_light" },
				"Jenna_Front1" : { "type" : "photometric_light" },
				"Jenna_Front2" : { "type" : "photometric_light" },
				"Hunter_Front2" : { "type" : "photometric_light" },
				"Alex_Bed_Key" : { "type" : "photometric_light" },
				"Ruben_Front1" : { "type" : "photometric_light" },
				"Ruben_Front2" : { "type" : "photometric_light" },
				"Hunter_Diag_Front1" : { "type" : "photometric_light" },
				"Alex_Texture4" : { "type" : "photometric_light" },
				"Ruben_Shadow" : { "type" : "photometric_light" },
				"Ruben_Side2" : { "type" : "photometric_light" },
				"Jenna_Side2" : { "type" : "photometric_light" },
				"Hunter_Diag_Front2" : { "type" : "photometric_light" },
				"Alex_Texture5" : { "type" : "photometric_light" },
				"Alex_Texture6" : { "type" : "photometric_light" },
				"Ruben_Low_Shadow" : { "type" : "photometric_light" },
				"Alex_Rover_Sidelight" : { "type" : "photometric_light" },
				"Hunter_Rover_Window" : { "type" : "photometric_light" },
				"Alex_Rover_Lightning" : { "type" : "photometric_light" },
				"Alex_Floorplate_Candle1" : { "type" : "photometric_light" },
				"Alex_Floorplate_Candle2" : { "type" : "photometric_light" },
				"Alex_Floorplate_Candle3" : { "type" : "photometric_light" },
				"Alex_Floorplate_Hell" : { "type" : "photometric_light" },
				"Jenna_DSL_Floor" : { "type" : "photometric_light" },
				"Jenna_DSR_Floor" : { "type" : "photometric_light" }
		    },
		    "arnoldParamMaps" : {
		        "filename" : { "dimension" : 1, "arnoldType" : "string" },
		        "intensity" : { "dimension" : 1, "arnoldType" : "float" },
		        "position" : { "dimension" : 3, "arnoldType" : "point" },
		        "color" : { "dimension" : 3, "arnoldType" : "rgb" },
		        "exposure" : { "dimension" : 1, "arnoldType" : "float" },
		        "samples" : { "dimension" : 1, "arnoldType" : "int" },
		        "volume_samples" : { "dimension" : 1, "arnoldType" : "int" },
		        "matrix" : { "dimension" : 16, "arnoldType" : "matrix" }
		    }
		}
	}
}